1,Eric,Ramos,eramos0@paginegialle.it,Kosovo,225.149.121.127,Male,48,Korean
2,Karen,Oliver,koliver1@state.gov,Japan,229.97.125.219,Female,53,Albanian
3,Louise,Hawkins,lhawkins2@europa.eu,Indonesia,185.59.65.177,Female,48,Icelandic
4,Joseph,Bailey,jbailey3@state.gov,Philippines,225.5.182.186,Male,56,Hindi
5,Kenneth,Payne,kpayne4@cmu.edu,Colombia,238.196.18.195,Male,59,Lao
6,Joe,Alvarez,jalvarez5@weebly.com,China,234.128.235.250,Male,34,Luxembourgish
7,Peter,Carter,pcarter6@chicagotribune.com,Thailand,196.59.168.153,Male,41,Papiamento
8,William,Scott,wscott7@mozilla.org,Brazil,77.134.120.34,Male,63,Dhivehi
9,Lillian,Price,lprice8@google.es,Philippines,211.171.130.92,Female,56,Italian
10,Alice,Marshall,amarshall9@pagesperso-orange.fr,Philippines,161.17.127.35,Female,19,Fijian
11,Paula,Elliott,pelliotta@addtoany.com,China,89.111.208.222,Female,35,Pashto
12,Ann,Patterson,apattersonb@youtu.be,Japan,47.222.87.142,Female,64,Kurdish
13,Jimmy,Porter,jporterc@noaa.gov,Indonesia,99.182.36.207,Male,34,Tamil
14,Heather,Hill,hhilld@a8.net,China,33.172.86.79,Female,52,Romanian
15,Louis,Arnold,larnolde@mashable.com,Peru,105.77.219.131,Male,50,French
16,Denise,Reynolds,dreynoldsf@networksolutions.com,Russia,91.207.159.80,Female,55,Nepali
17,Donald,Hughes,dhughesg@furl.net,Ukraine,149.66.226.239,Male,18,Malay
18,Angela,Ward,awardh@joomla.org,Japan,141.72.235.24,Female,56,Kazakh
19,Lois,Ortiz,lortizi@go.com,China,130.20.162.169,Female,31,Swedish
20,Roger,Walker,rwalkerj@shutterfly.com,Portugal,126.65.75.243,Male,57,Irish Gaelic
21,Wanda,Bradley,wbradleyk@bloglines.com,China,1.222.119.172,Female,62,Haitian Creole
22,Deborah,Lawson,dlawsonl@wufoo.com,Vietnam,216.220.197.121,Female,27,Nepali
23,Earl,Hughes,ehughesm@state.gov,Mexico,226.22.183.41,Male,61,Aymara
24,Chris,Cole,ccolen@adobe.com,Poland,122.150.28.201,Male,46,Burmese
25,Janet,Watkins,jwatkinso@europa.eu,Indonesia,88.71.246.2,Female,33,Icelandic
26,Brian,Lewis,blewisp@devhub.com,Guadeloupe,4.113.85.19,Male,26,Catalan
27,Beverly,Jacobs,bjacobsq@bbc.co.uk,Guatemala,74.106.6.193,Female,28,Tok Pisin
28,Kathleen,Hill,khillr@nasa.gov,China,85.206.206.134,Female,21,Punjabi
29,Rachel,Perkins,rperkinss@joomla.org,France,186.130.240.92,Female,49,Dari
30,Ronald,Warren,rwarrent@fema.gov,Argentina,70.142.141.45,Male,66,Lao
31,Daniel,Roberts,drobertsu@buzzfeed.com,New Caledonia,253.177.103.162,Male,37,Sotho
32,Keith,Gray,kgrayv@yelp.com,Albania,254.198.230.170,Male,62,Zulu
33,Christopher,Brown,cbrownw@wix.com,Ukraine,14.168.216.247,Male,36,Punjabi
34,Katherine,Young,kyoungx@shareasale.com,Indonesia,31.173.177.118,Female,54,Marathi
35,Robert,Gibson,rgibsony@ning.com,Philippines,95.105.23.64,Male,59,Kyrgyz
36,Jeremy,Mcdonald,jmcdonaldz@chron.com,United States,93.172.148.187,Male,42,Belarusian
37,Helen,Evans,hevans10@cisco.com,China,219.68.143.12,Female,39,Tetum
38,Eric,Webb,ewebb11@canalblog.com,Canada,241.197.20.252,Male,58,German
39,Doris,Peters,dpeters12@digg.com,Morocco,238.76.215.72,Female,31,Gagauz
40,Louis,Bradley,lbradley13@stanford.edu,Argentina,201.245.240.57,Male,41,Moldovan
41,Ernest,Patterson,epatterson14@cisco.com,Namibia,236.178.84.193,Male,58,Guaraní
42,Gerald,Black,gblack15@dot.gov,Poland,154.79.225.48,Male,33,Hiri Motu
43,Robin,Olson,rolson16@canalblog.com,Serbia,82.163.114.173,Female,30,Pashto
44,Tina,Phillips,tphillips17@google.ca,Vietnam,186.141.199.68,Female,51,Bislama
45,Donna,Porter,dporter18@slideshare.net,Russia,180.21.116.152,Female,37,Montenegrin
46,Alice,Murray,amurray19@tumblr.com,Indonesia,103.133.174.127,Female,23,Gagauz
47,Annie,Adams,aadams1a@pbs.org,Portugal,236.175.126.71,Female,28,Kashmiri
48,Dennis,Richards,drichards1b@google.ca,Brazil,170.121.58.12,Male,28,Dari
49,Sean,Peters,speters1c@google.pl,Tanzania,248.33.27.58,Male,35,French
50,Anthony,Hernandez,ahernandez1d@slideshare.net,Bangladesh,69.91.106.130,Male,66,Filipino
51,Jean,Peterson,jpeterson1e@shareasale.com,Indonesia,51.191.131.149,Female,23,Tsonga
52,Martin,Henry,mhenry1f@ebay.co.uk,Greece,24.60.54.125,Male,61,Armenian
53,Jessica,Mccoy,jmccoy1g@delicious.com,Norway,114.57.27.53,Female,36,Montenegrin
54,Irene,West,iwest1h@csmonitor.com,Czech Republic,149.176.187.42,Female,67,Swati
55,Kathryn,Johnson,kjohnson1i@baidu.com,China,89.116.76.117,Female,28,Macedonian
56,Donald,Tucker,dtucker1j@bbb.org,Portugal,85.251.251.30,Male,55,Tajik
57,Justin,Jones,jjones1k@pbs.org,Russia,116.115.11.40,Male,54,Ndebele
58,Wayne,Mccoy,wmccoy1l@furl.net,Poland,115.130.83.124,Male,30,Thai
59,Carl,Hansen,chansen1m@ifeng.com,Canada,7.8.64.250,Male,18,Georgian
60,Willie,Morales,wmorales1n@multiply.com,Poland,170.86.73.3,Male,60,Bosnian
61,Jacqueline,Matthews,jmatthews1o@ehow.com,China,41.138.49.44,Female,69,Haitian Creole
62,Clarence,Jones,cjones1p@feedburner.com,Indonesia,20.99.63.118,Male,36,Haitian Creole
63,George,Jackson,gjackson1q@cyberchimps.com,Japan,75.240.237.131,Male,50,Moldovan
64,Clarence,Brown,cbrown1r@sphinn.com,Philippines,170.175.215.64,Male,38,Pashto
65,Shirley,Ramos,sramos1s@soup.io,Ireland,220.79.50.212,Female,61,Tetum
66,Amanda,Dunn,adunn1t@bing.com,Russia,122.247.238.91,Female,29,French
67,Stephen,Harris,sharris1u@opensource.org,United States,21.158.181.95,Male,68,Filipino
68,Debra,Reed,dreed1v@sina.com.cn,Greece,79.149.165.100,Female,67,Chinese
69,Linda,Nichols,lnichols1w@wsj.com,China,174.14.58.242,Female,43,Swedish
70,Sandra,Gonzalez,sgonzalez1x@gmpg.org,China,149.61.48.91,Female,53,Malagasy
71,Benjamin,Boyd,bboyd1y@mapquest.com,Kazakhstan,58.40.254.228,Male,61,Khmer
72,Martin,Kim,mkim1z@apple.com,Sweden,215.152.226.39,Male,65,Finnish
73,Amy,Perkins,aperkins20@mashable.com,Indonesia,20.109.100.139,Female,25,Ndebele
74,Jose,Thompson,jthompson21@timesonline.co.uk,Canada,33.15.58.170,Male,65,Punjabi
75,Steve,Lopez,slopez22@aol.com,Russia,169.83.71.123,Male,59,Assamese
76,Joyce,Wright,jwright23@bloomberg.com,Pakistan,157.120.131.254,Female,28,New Zealand Sign Language
77,Ruth,Morris,rmorris24@joomla.org,Uganda,72.155.143.42,Female,43,Hiri Motu
78,Deborah,Simmons,dsimmons25@scientificamerican.com,Peru,119.90.191.91,Female,21,Irish Gaelic
79,Elizabeth,Reyes,ereyes26@alexa.com,Uganda,114.2.192.79,Female,39,Quechua
80,Barbara,Andrews,bandrews27@ycombinator.com,Martinique,112.86.117.109,Female,61,Tsonga
81,Heather,Morris,hmorris28@netlog.com,China,142.141.153.43,Female,31,French
82,Theresa,Jordan,tjordan29@hostgator.com,Russia,111.166.131.227,Female,67,West Frisian
83,Bobby,Cruz,bcruz2a@hostgator.com,China,34.24.68.120,Male,39,Belarusian
84,Carolyn,Green,cgreen2b@github.io,China,45.50.221.222,Female,69,Kashmiri
85,Betty,Ferguson,bferguson2c@sourceforge.net,Samoa,87.16.56.249,Female,22,Kyrgyz
86,Joseph,Diaz,jdiaz2d@biglobe.ne.jp,Indonesia,201.76.146.225,Male,44,Estonian
87,Jerry,West,jwest2e@privacy.gov.au,Indonesia,188.160.255.37,Male,21,Tsonga
88,Ronald,Woods,rwoods2f@marriott.com,China,48.200.23.223,Male,26,Belarusian
89,Sandra,Castillo,scastillo2g@slashdot.org,China,73.225.79.93,Female,64,Montenegrin
90,Brenda,Duncan,bduncan2h@e-recht24.de,Nigeria,223.32.71.52,Female,59,Tamil
91,Deborah,Willis,dwillis2i@amazon.com,China,220.243.119.59,Female,64,Malay
92,Kathleen,Hill,khill2j@reddit.com,Colombia,175.134.52.228,Female,44,Persian
93,Doris,Harvey,dharvey2k@technorati.com,China,139.98.103.155,Female,44,Punjabi
94,Emily,Sims,esims2l@loc.gov,Canada,249.44.217.82,Female,68,Oriya
95,Donald,Bennett,dbennett2m@answers.com,Uganda,163.242.59.15,Male,18,Moldovan
96,Tina,Castillo,tcastillo2n@hhs.gov,China,55.250.54.52,Female,40,Bosnian
97,Deborah,Black,dblack2o@hc360.com,Australia,210.93.189.75,Female,31,Dutch
98,Frank,Matthews,fmatthews2p@guardian.co.uk,China,106.66.91.185,Male,39,Guaraní
99,Antonio,Schmidt,aschmidt2q@qq.com,Greece,139.88.50.234,Male,20,Kazakh
100,Irene,Harrison,iharrison2r@npr.org,Argentina,130.191.203.188,Female,33,Nepali